,Class,CX1_H01,CX1_H06,CX1_H16,CX1_H36,CX1_H76,CX1_V0,CX1_V01,CX1_V06,CX1_V16,CX1_V36,CX1_V76,CX2_H01,CX2_H06,CX2_H36,CX2_H76,CX2_V0,CX2_V01,CX2_V06,CX2_V16,CX2_V36,CX2_V76,CX3_H01,CX3_H06,CX3_H16,CX3_H36,CX3_H76,CX3_V0,CX3_V01,CX3_V06,CX3_V16,CX3_V36,CX3_V76,HF1_H01,HF1_H06,HF1_H16,HF1_H76,HF1_V01,HF1_V06,HF1_V16,HF1_V76,HF2_H01,HF2_H06,HF2_H16,HF2_H76,HF2_V0,HF2_V01,HF2_V06,HF2_V16,HF2_V36,HF2_V76,HF3_H01,HF3_H06,HF3_H16,HF3_H36,HF3_H76,HF3_V0,HF3_V01,HF3_V06,HF3_V16,HF3_V36,HF3_V76,HS1_H01,HS1_H06,HS1_H16,HS1_H36,HS1_H76,HS1_V0,HS1_V01,HS1_V06,HS1_V16,HS1_V36,HS1_V76,HS2_H06,HS2_H16,HS2_H36,HS2_H76,HS2_V0,HS2_V01,HS2_V06,HS2_V16,HS2_V36,HS2_V76,HS3_H01,HS3_H06,HS3_H16,HS3_H36,HS3_H76,HS3_V0,HS3_V01,HS3_V06,HS3_V16,HS3_V36,HS3_V76,JR1_H01,JR1_H06,JR1_H16,JR1_H36,JR1_H76,JR1_V0,JR1_V01,JR1_V06,JR1_V16,JR1_V36,JR1_V76,JR2_H01,JR2_H06,JR2_H16,JR2_H36,JR2_H76,JR2_V0,JR2_V01,JR2_V06,JR2_V16,JR2_V36,JR2_V76,JR3_H01,JR3_H06,JR3_H16,JR3_H36,JR3_H76,JR3_V0,JR3_V01,JR3_V06,JR3_V16,JR3_V36,JR3_V76,TC1_H01,TC1_H06,TC1_H16,TC1_H36,TC1_H76,TC1_V0,TC1_V01,TC1_V06,TC1_V16,TC1_V36,TC1_V76,TC2_H01,TC2_H06,TC2_H16,TC2_H36,TC2_H76,TC2_V0,TC2_V01,TC2_V06,TC2_V16,TC2_V36,TC2_V76,TC3_H01,TC3_H06,TC3_H36,TC3_H76,TC3_V0,TC3_V01,TC3_V06,TC3_V16,TC3_V36,TC3_V76,XT1_H01,XT1_H06,XT1_H16,XT1_H36,XT1_H76,XT1_V0,XT1_V01,XT1_V06,XT1_V16,XT1_V36,XT1_V76,XT2_H01,XT2_H06,XT2_H16,XT2_V0,XT2_V01,XT2_V06,XT2_V16,XT2_V36,XT2_V76,XT3_H01,XT3_H06,XT3_H16,XT3_H36,XT3_H76,XT3_V16,XT3_V36,XT3_V76
1,c__Agaricomycetes,0.109651405,0.124975476,0.122017354,0.077089295,0.077722693,0.169937285,0.121207069,0.120182841,0.093081575,0.10633633,0.101068999,0.084606469,0.2301,0.076848077,0.069898652,0.091655028,0.101485149,0.063201663,0.2195,0.064748201,0.111855121,0.03735,0.0294,0.03475,0.05345,0.024547139,0.090837593,0.245074298,0.0159,0.02465083,0.02735,0.062292157,0.072756063,0.0604,0.0738,0.4219,0.116108549,0.06305,0.05505,0.0604,0.05355,0.026642018,0.018,0.02375,0.10545,0.0375,0.044688236,0.026498862,0.041,0.029059829,0.047541576,0.054990662,0.08061978,0.3021,0.064,0.076185206,0.048323794,0.040080362,0.05995,0.069722911,0.071853023,0.04605,0.089524337,0.09557596,0.319144219,0.118497426,0.046685582,0.1103,0.700531697,0.190059683,0.048594848,0.34145,0.218133398,0.181428571,0.060470124,0.146253484,0.075152113,0.191578695,0.204018177,0.20472291,0.182903226,0.379183861,0.121998914,0.064534471,0.091694852,0.067324434,0.111225692,0.076671115,0.04395,0.03525,0.29958517,0.102441043,0.170506912,0.124069732,0.315609571,0.025633383,0.15685435,0.088871388,0.076880081,0.10755,0.1947,0.084398595,0.061525717,0.041394336,0.065802526,0.058053966,0.151663128,0.06681465,0.17300714,0.082088591,0.07905,0.069785884,0.0569163,0.052476789,0.092173271,0.062315125,0.0707,0.06032207,0.115532031,0.08461431,0.080041877,0.032459157,0.101226464,0.0841192,0.467151599,0.199464199,0.054401764,0.070895141,0.049723365,0.0623,0.5405,0.098760013,0.086987607,0.113121019,0.090995662,0.06869155,0.189020293,0.0548,0.04385,0.143867329,0.141038801,0.108562691,0.2039,0.279162512,0.08455,0.117105087,0.072141431,0.110402623,0.745712244,0.068957617,0.1149954,0.0479,0.22081044,0.075730471,0.152014995,0.07511369,0.153236621,0.0757,0.25621824,0.141173389,0.132352941,0.137203166,0.099043626,0.096180041,0.10996904,0.147812166,0.153494544,0.128836175,0.132390746,0.120950324,0.200620877,0.28617443,0.098358336,0.18435396,0.136001846,0.247206231,0.352824463,0.090793381,0.154522153,0.104031209,0.102624595,0.106275682,0.121678322,0.085252664,0.118616527,0.11029176
2,c__Agaricostilbomycetes,0.073881374,0.008240141,0.005422993,0.00776733,0.002798657,0.007687639,0.073191064,0.015400844,0.00368786,0.017540013,0.006154843,0.008429038,0.00225,0.003545471,0.003865845,0.00698324,0.001506672,0.001801802,0.00115,0.00318207,0.007989651,0.0029,0.00165,0.00225,0.0004,0.000463154,0.002687115,0.009961475,0.00045,0,0.00225,0.004542136,0.002666889,0.00855,0.01375,0.0165,0.002040971,0.002,0.1296,0.0257,0.00345,0.000652458,0.0007,0.00055,0.02135,0.0008,0.002851122,0.001201619,0.0013,0.000804424,0.003344179,0.006847894,0.007263043,0.00225,0.00175,0.002767017,0.001717089,0.004620794,0.00765,0.002027484,0.003161969,0.00015,0.004292737,0.001669449,0.001773639,0.00186179,0.000171954,0.0044,0.002535787,0.004116073,0.00161007,0.00675,0.004236775,0.006571429,0.012201687,0.013608788,0.000822233,0.003598848,0.01124133,0.006474957,0.002741935,0.004585053,0.005975014,0.001208244,0.001503194,0.00101567,0.008397171,0.006854301,0.0043,0.0173,0.002463054,0.00769549,0.018274273,0.001733102,0.04329662,0.002160954,0.006850781,0.002241473,0.00050813,0.0006,0.00915,0.006279435,0.001807365,0.001281558,0.001058131,0.000272554,0.000636943,0.000887902,0.002575208,0.002060263,0.00195,0.003050082,0.001409692,0.002191338,0.001845927,0.000460133,0.0015,0.001385956,0.001642636,0.001676914,0.000571048,0.000698624,0.001036448,0.003143468,0.001212331,0.011811982,0.003124426,0.004808184,0.006312952,0.02245,0.0028,0.005157467,0.002740705,0.001910828,0.003332981,0.020690226,0.001209515,0.0506,0.0472,0.005219295,0.00677479,0.00218436,0.00185,0.002160186,0.05345,0.004005875,0.003421728,0.005283294,0.000952835,0.002749141,0.004599816,0.00225,0.004120879,0.004099583,0.005060918,0.013172338,0.00902109,0.00275,0.004814121,0.003143007,0.003676471,0.020756376,0.003013232,0.004145691,0.025263158,0.010850231,0.003686228,0.005189029,0.002784919,0.006086786,0.002975036,0.00049554,0.002405887,0.010580314,0.019379398,0.008465967,0.001867414,0.005091218,0.010252655,0.006501951,0.02536125,0.007844602,0.020512821,0.022344448,0.00371402,0.008175697
3,c__Archaeorhizomycetes,0,0.001177163,0.000650759,0.000292005,8.00E-05,0.000404613,0.000166722,0.000140647,0.000147514,0.00065775,0.00010798,0.000105363,0.00145,0.00026591,0.00637342,0.002444134,0.001829531,0.000554401,0.0027,0.000276702,0.006315629,0.00005,0,0,0.00295,5.15E-05,0,0,0,0.001134058,0.00005,8.11E-05,0,0,0,0,7.56E-05,0,0.0001,0.0001,0.0002,0,0.00015,0.0001,0,0.00015,0,0.000126486,0.00005,0.000201106,0,0,0,0.00015,0.00225,0,8.18E-05,0,0.00045,0.000337914,5.45E-05,0,0,0,0,0.003395028,0,0.001,0.000736196,0,0,0,0.000363152,0,0,0,0,0,0,0,0,0,0.00032591,0,0.000626331,0.000290192,0.000294638,0.00097052,0.00005,0.00015,0,0.000413736,0,0,0,7.45E-05,0.000856348,0,0,0.00065,0.00005,0.000373776,0,0,0,0.000545108,7.08E-05,0.000221976,0,0.000321916,0.0018,0,0,0.000115334,0.000369185,0.0001972,0,0.000263992,0,0.000698714,0,0,0.000172741,0.000377216,0.00017319,0.000121773,0.001102738,0.000613811,0.000780253,0.0001,0,0,0,0.000127389,0,0.000744848,0.000201586,0,0,0,0,0,0.00005,0,0.00005,0.000133529,0,0,0.000476417,0,0,0,0,0,0.000187441,0.000156814,0.000243813,0.0013,0.000267451,0,0,0,0,0,0,0,0,0,0,0.000392696,0,0,0,0.001923693,0.001384243,0.001354555,0.000816993,0.000848536,0.001464665,0.000433463,0.000589797,0.000373552,0.0004662,0,0,0
4,c__Arthoniomycetes,0.000650364,0.00255052,0.001409978,0.000817614,0.000559731,0.00074179,0,0.00021097,0.000885086,0,0.001403736,0.002950163,0.00015,0.002659103,0.000417929,0.001920391,0.000968575,0.0004158,0.00105,0.001383509,0,0.00055,0.0007,0.0001,0.0025,0.000360231,0.002556036,0.000770501,0.0005,0.000477498,0.00115,0.000324438,0.000833403,0.0002,0.00025,0,0.000453549,0.00075,0.00025,0.0001,0.00065,0.000543715,0.00035,0,0.00035,0.0001,0.000309905,0.000189729,0.0001,0.001106083,0.00027115,0.002005949,0.001936812,0.0007,0.00035,0.003504888,0.000654129,0.001155198,0.00095,0.000112638,5.45E-05,0.00005,6.92E-05,0.000834725,0,0,0,0,8.18E-05,0,0.00029274,0,0.000726304,0.001,0.000717746,0.001967536,0,0.000119962,0.00263095,0.00057132,0.001612903,0,0.001195003,0,0,0,0,0.000909863,0.00005,0,0,0.000165494,0.002224694,0.000611683,0,0.001415797,0.000214087,0,0.003353659,0,0.00025,0.000523286,0.000451841,0,0.000529066,0,0.0004954,0.001331853,0.003862812,0,0.0004,6.10E-05,0.001938326,0.000288334,0.000246124,0.000262933,0,0.000725977,0.000547545,0.000908329,0.000761397,5.37E-05,0.00241838,0,0.00023092,0.000608865,0,0.000818414,0.00035466,0.0002,0.00055,0.001097333,0.001310772,0.001528662,0.00095228,0.000662087,0.000604757,0.00045,0.00045,0.001094368,0.004721823,0.000218436,0.0001,0.000830841,0.00185,0.000667646,0.000855432,0.000182183,0,0.000229095,0.000367985,0.00035,0,0.000298151,0.000937207,0.001254508,0.00036572,0.00125,0.00668628,0.001309586,0.001593137,0.004925242,0.001179091,0.000355345,0.007678019,0.002134472,0.003096432,0.005040771,0.002570694,0.002748871,0.000905446,0,0.001132182,0.003526771,0.002999193,0,0.000583567,0.000848536,0.00292933,0.00390117,0.002359186,0.000560329,0.0004662,0.000687521,0.000232126,0.002244309
5,c__Ascomycota_Incertae sedis,0.076873049,0.122032568,0.094143167,0.07679729,0.068846953,0.131971138,0.07369123,0.051547117,0.106800413,0.155886867,0.119209589,0.175745443,0.05155,0.151923418,0.058301118,0.080132682,0.099440379,0.146084546,0.01745,0.070558937,0.138943844,0.06195,0.0263,0.03575,0.10875,0.033861671,0.080023594,0.025811778,0.0154,0.000716247,0.05595,0.046638008,0.099758313,0.0128,0.0439,0.0159,0.056088896,0.0564,0.0243,0.03555,0.02275,0.07753371,0.0534,0.00795,0.0308,0.0317,0.07425313,0.055717177,0.0872,0.039517345,0.120480839,0.064951235,0.059556954,0.02625,0.04515,0.064655968,0.060588716,0.044450025,0.0606,0.077157017,0.057242545,0.0142,0.010593367,0.046327212,0.029375901,0.036688205,0.000171954,0.00825,0.008343558,0,0.029274005,0.00345,0.057983295,0.048285714,0.011842814,0.050336121,0.033547114,0.049904031,0.051901459,0.071605408,0.058225806,0.050206327,0.09712113,0.029921819,0.064762621,0.044544399,0.076605775,0.013526629,0.0144,0.02045,0.036686544,0.033760861,0.089941205,0.048832705,0,0.052086438,0.024405909,0.053189556,0.072256098,0.05955,0.02975,0.048740375,0.053166654,0.065487633,0.109781099,0.062687381,0.061075725,0.066370699,0.081704319,0.125547257,0.13655,0.134386628,0.079295154,0.127155297,0.138444499,0.084335765,0.10505,0.071937698,0.054389487,0.135480715,0.069477491,0.059114359,0.082743134,0.061486232,0.034003002,0.085484657,0.113398272,0.117647059,0.094055894,0.02955,0.05005,0.106880281,0.138941849,0.117070064,0.058406518,0.055118762,0.05368902,0.0182,0.0263,0.117434127,0.149455964,0.101572739,0.02645,0.086905949,0.024,0.099479236,0.077559167,0.066132265,0.120295379,0.312714777,0.29126035,0.24655,0.248626374,0.343843172,0.297094658,0.365061941,0.248323784,0.16705,0.043861995,0.04924044,0.080269608,0.060510114,0.053059086,0.044595795,0.066006192,0.053006048,0.035682689,0.05693106,0.059125964,0.061064206,0.047729919,0.029732408,0.025191056,0.061878807,0.058830315,0.045377582,0.06372549,0.114128129,0.058220432,0.104898136,0.070185786,0.075831154,0.064335664,0.072189756,0.082404828,0.07983328
6,c__Basidiomycota_Incertae sedis,0.000260146,0,0,0,0,0,0,0,0,0,0,0,0,0,0,0,0,0,0,0,0,0.00005,0,0,0,0,0,0,0,0,0,0,0,0,0,0,0,0,0,0,0,0,0,0,0,0,0,0,0,0,0,0,0,0,0,0,0,0,0,0,0,0,0,0,0,0,0,0,0,0,0,0,0,0,0,0,8.22E-05,0,0,0,0,0,0,0,0,0,0,0,0,0,0,0,0,0,0,0,0,0,0,0,0,0,0,0,0,0,0,0,0,0,0,0,0,0,0,0,0,0,0,0,0,0,0,0,0,0,0,0,0,0,0.00025,0,0,0,0,0,0,0,0,0.000168364,0,0,0,0,0,0,0,0,0,0,0,0,0,0,0,0,0,0,0,0,0,0,0,0,0,0,0,0,0,0,0,0,0,0,0,0,0,0,0,0,0,0.000186776,0,0,0,0
7,c__Chytridiomycetes,0.018730489,0.030802433,0.027331887,0.012906617,0.014553015,0.023534965,0.022174058,0.006891702,0.016964154,0.010743258,0.021056041,0.013065009,0.0854,0.013650062,0.012746839,0.019902235,0.012053379,0.015523216,0.09405,0.018539015,0.020316542,0.0126,0.00655,0.00545,0.0158,0.006689996,0.016515926,0.064391855,0.0049,0.000775934,0.01025,0.027658366,0.024502042,0.0061,0.0225,0.0049,0.020182931,0.0196,0.0422,0.0326,0.016,0.033492823,0.01365,0.0194,0.00895,0.01325,0.055472914,0.019731849,0.043,0.018602313,0.018709328,0.062668603,0.035709962,0.01765,0.05065,0.032558569,0.015372036,0.03038674,0.01775,0.016895697,0.032873576,0.0055,0.009970228,0.093071786,0.006207738,0.007228124,0.00868369,0.00375,0.001881391,0.013788845,0.022101874,0.0053,0.024210144,0.017,0.015072672,0.043285785,0.008633448,0.027231286,0.046878737,0.039992382,0.021290323,0.035534159,0.027159153,0.009879176,0.019165727,0.022054556,0.043901002,0.013526629,0.01125,0.0202,0.032797511,0.018866363,0.035118386,0.005199307,0.01272313,0.008867362,0.009348462,0.010843884,0.029878049,0.03575,0.0512,0.032219481,0.017621809,0.017172882,0.040539647,0.015535568,0.010191083,0.013540511,0.030434274,0.023306722,0.0198,0.024156652,0.020176211,0.009745689,0.021781935,0.023269572,0.016,0.11688226,0.023179412,0.057084964,0.010945084,0.013327601,0.031438936,0.019363762,0.028172266,0.044934243,0.041720272,0.037544757,0.033479926,0.0067,0.0151,0.029737737,0.019065777,0.023184713,0.030578775,0.02292477,0.012095149,0.0099,0.01225,0.064736089,0.039622254,0.019877676,0.01445,0.044865404,0.0092,0.036586994,0.033932136,0.030242303,0.00440686,0.023367698,0.026678933,0.01655,0.026442308,0.019827072,0.029803187,0.018817626,0.012678288,0.01935,0.009360792,0.028548979,0.036887255,0.027968338,0.012445958,0.030026651,0.035541796,0.040999644,0.047626069,0.031875463,0.050771208,0.031808364,0.040615703,0.014122894,0.018681008,0.02757294,0.038412735,0.025736539,0.028944911,0.030335172,0.021237642,0.019505852,0.030079623,0.019051177,0.016783217,0.03231351,0.034818942,0.033344021
8,c__Cystobasidiomycetes,0.000260146,0,0,0.000175203,0,0,0,0.00161744,0,0,0,0,0.17095,0,0,0,0,0.000554401,0.30965,0,0,0.0001,0,0,0,0.000154385,0,0.004182719,0.00015,0,0.00005,0.000648877,0.000333361,0.00105,0.00055,0.00035,0.000302366,0,0.00085,0.0017,0.00015,0,0,0,0.00015,0.0001,0,0.000126486,0.00005,0.000703871,0.000361533,0.000968389,0.000484203,0.00035,0.00085,0.000184468,0.000245298,0,0.0001,0,0.000272584,0.00005,0.279512567,0.015442404,0.000332557,0.000109517,0,0.00195,0.000327198,0.243671537,0.00102459,0.1705,0,0,0.00053831,0,0,0,0,0,0,0,0.000543183,0.002416489,0.000250532,0.000290192,0.000441956,0.000788548,0.0005,0.0002,0.000129634,8.27E-05,0,0,0,0,0.000570898,0,0.00101626,0,0.00055,0.000598041,0.000150614,0,0.001124264,0.001090215,0.000212314,0.001109878,0,0.000515066,0.00115,0.000610016,0,0.000634335,0.000615309,0.000525866,0.0001,0,0,0,9.52E-05,0.000107481,0,0,0.00011546,0.001339503,0.001470318,0.003478261,0.000141864,0.0001,0.00005,0.000438933,0.002025739,0.006878981,0.001745847,0.000165522,0.000201586,0,0,0,0,0.000655308,0,0,0,0.000534117,0.001710864,0,0,0.000229095,0,0,0,0,0,0.000784068,0,0.00015,0,0,0,0.000703606,0,0,0.000495356,0.0009783,0,0,0,0,0.000258699,0,0.000141523,0.001282462,0.000115354,0,0.00035014,0.000424268,0,0,0,0.000560329,0,0,0,0
9,c__Dacrymycetes,0,0,0,0,0,0,0,0,0,0,0,0,0,0,0,0,0,0,0.0039,0,0,0,0,0,0,0,0,0,0,0,0,0,0,0,0,0,0,0,0,0,0,0,0,0,0,0,0,0,0,0,0,0,0,0,0,0,0,0,0,0,0,0,0,0,0,0,0,0,0,0,0,0,0,0,0,0,0,0,0,0,0,0,0,0,0,0,0,0,0,0,0,0,0,0,0,0,0,0,0,0,0,0,0,0,0,0,0,0,0,0,0,0,0,0,0,0,0,0,0,0,0,0,0,0,0,0,0,0,0,0,0,0,0,0,0,0,0,0,0,0,0,0,0,0,0,0,0,0,0,0,0,0,0,0,0,0,0,0,0,0,0,0,0,0,0,0,0,0,0,0,0,0,0,0,0,0,0,0,0,0,0,0,0,0,0,0
10,c__Dothideomycetes,0.063475546,0.057484795,0.106073753,0.101092098,0.119862466,0.060287275,0.064354785,0.114486639,0.129222599,0.121683841,0.090486988,0.10409862,0.0332,0.11265733,0.122557726,0.118540503,0.153034869,0.138600139,0.01885,0.09186497,0.093060417,0.04605,0.0512,0.02435,0.05455,0.021974063,0.10512518,0.020858558,0.01515,0.001193745,0.0327,0.044123611,0.061338445,0.36835,0.15555,0.10715,0.045884043,0.06365,0.2153,0.08625,0.3062,0.064810787,0.04055,0.0698,0.1112,0.3535,0.100285112,0.063053377,0.08265,0.074811463,0.03308026,0.063636992,0.055925433,0.0296,0.04645,0.06401033,0.069664759,0.074736313,0.04805,0.058684388,0.065420051,0.04025,0.029149069,0.124373957,0.075933932,0.079728398,0.025105322,0.0451,0.020531697,0.013891747,0.24926815,0.04555,0.049751846,0.062142857,0.013996052,0.078537465,0.032149318,0.039947217,0.056924181,0.038468863,0.040645161,0.047226043,0.094405215,0.05010661,0.069773268,0.03903076,0.039628757,0.039548708,0.04265,0.0776,0.081021519,0.120479934,0.122040362,0.153226629,0.08659324,0.058420268,0.148933134,0.066638396,0.135772358,0.0633,0.08565,0.092023623,0.13208826,0.046136101,0.128695192,0.154538021,0.05576787,0.101442841,0.08697179,0.076616019,0.0834,0.057219545,0.062907489,0.053168791,0.046763475,0.08906856,0.0329,0.015773495,0.032305165,0.052333706,0.03892643,0.033802666,0.055449991,0.03621275,0.029846438,0.066731612,0.059180298,0.060051151,0.045893034,0.01295,0.0458,0.069022276,0.058984747,0.107006369,0.171040102,0.083422991,0.025467007,0.1669,0.08465,0.038555434,0.046397044,0.055482744,0.24635,0.031571951,0.1785,0.042862866,0.032506416,0.072326471,0.005478799,0.055441008,0.03900644,0.2227,0.043784341,0.02757901,0.052296157,0.038105692,0.040716811,0.1082,0.190425247,0.045573599,0.050367647,0.041688654,0.023843836,0.065798046,0.039752322,0.0386873,0.068711295,0.025352113,0.02377892,0.033379148,0.027034019,0.018582755,0.03863572,0.029176018,0.030914754,0.022688791,0.031279178,0.070640645,0.051995606,0.035110533,0.040401062,0.067052671,0.025174825,0.048126504,0.043175487,0.023084322
11,c__Entomophthoromycotina_Incertae sedis,0.000780437,0.000784775,0,0,0,0.001955627,0.001167056,0,0,0.003727253,0,0,0,0,0,0,0,0,0,0,0,0,0,0,0,0,0,0,0,0,0,8.11E-05,0,0,0,0,0.000151183,0,0.00035,0,0.00025,0,0.00075,0,0,0,0,0,0,0.000804424,0,0,0,0,0,0,0,0,0,0,0,0,0,0,0.000110852,0,0,0,0,0,0,0,0,0,0.000358873,0,0,0,0,0,0,0,0,0,0,0,0,0,0,0,0,0,0.000158907,0,0,0,0,0,0,0,0.0022,0,0,0,0,0,0,0,0,0,0,0.000610016,0,5.77E-05,0.000615309,0,0,0,0,0,0,0,0,0,0,0,0,0,0,0,0,0,0,0,0,0,0,0,0,0,0,0,0,0,0,0,0,0,0,0,0,0.00005,0,0,0,0,0,0,0,0,0,0,0,0,0,0,0,0,0.000856898,0,0,0,0,0,0,0,0,0,0,0,0,0.000933881,0,0,0,0
12,c__Eurotiomycetes,0.041623309,0.110849519,0.104446855,0.025521229,0.0158324,0.104322611,0.034178059,0.12862166,0.016521611,0.038368779,0.07202246,0.017068802,0.01745,0.036606985,0.037613624,0.027409218,0.012053379,0.028828829,0.01055,0.026840066,0.031425963,0.01365,0.01985,0.0198,0.0196,0.014203376,0.01828549,0.058282884,0.02135,0.009967769,0.0157,0.028712791,0.015751313,0.08735,0.1271,0.02815,0.02010734,0.1204,0.0717,0.10295,0.03805,0.018595041,0.0268,0.03005,0.0902,0.0291,0.087702987,0.055084746,0.0463,0.038310709,0.023951555,0.053053884,0.032078441,0.0096,0.01805,0.034034311,0.037857727,0.050878955,0.0285,0.055755801,0.026495121,0.0269,0.038219207,0.224540902,0.039906884,0.109297996,0.03146763,0.1317,0.043762781,0.044453591,0.053571429,0.07625,0.045030868,0.052571429,0.052574915,0.045417282,0.012744614,0.084213052,0.052858168,0.034088745,0.051451613,0.010545621,0.056816947,0.019260839,0.225729676,0.054265815,0.038892163,0.041793037,0.02345,0.02935,0.099299974,0.086553579,0.016844113,0.041288612,0.027914926,0.023099851,0.030757154,0.043254377,0.026778455,0.12155,0.0856,0.007849294,0.012425634,0.042547738,0.018517294,0.022894522,0.062491154,0.011320755,0.031721878,0.026912181,0.03135,0.02110657,0.018325991,0.00991869,0.075190746,0.08643923,0.0658,0.016631468,0.013506114,0.011109558,0.032359379,0.13822012,0.025047504,0.032566327,0.018646808,0.0383585,0.024811616,0.162557545,0.029153071,0.0054,0.01115,0.015033469,0.014895138,0.01477707,0.143476881,0.016386659,0.014715764,0.00755,0.04845,0.030053035,0.015602546,0.014853648,0.211,0.015453639,0.018,0.026839364,0.030795552,0.075970122,0.004287756,0.013058419,0.014167433,0.01415,0.013907967,0.016547406,0.008809747,0.004233966,0.00902109,0.03235,0.029687082,0.030644316,0.029289216,0.020580475,0.024367876,0.024696476,0.024272446,0.016986837,0.043350044,0.077687176,0.012639246,0.018456705,0.02677532,0.009910803,0.143928673,0.024366784,0.042104049,0.013884186,0.02124183,0.016758591,0.040278286,0.021673169,0.023296963,0.04818827,0.044289044,0.050189068,0.026694522,0.023084322
13,c__Exobasidiomycetes,0.002861602,0.006278203,0.003470716,0.002452841,0.028946106,0.005664576,0.003834612,0.002180028,0.004867975,0.001315501,0.004643127,0.002739437,0.0014,0.004875022,0.008985477,0.003317039,0.001399053,0.002356202,0.0003,0.004980631,0.004185056,0.005,0.00295,0.00165,0.0098,0.001955537,0.023725259,0.003302146,0.0015,5.97E-05,0.00255,0.00389326,0.000500042,0.00065,0.00095,0.00025,0.000831507,0.0007,0.00125,0.00085,0.00045,0.000978686,0.00355,0.0002,0.00095,0.00045,0.000619809,0.013976727,0.001,0.000301659,0.000451916,0.002420973,0.002178913,0.0008,0.00105,0.009315624,0.000654129,0.00075339,0.0005,0.000788466,0.000981301,0.0004,0.00090009,0.002921536,0.001108525,0.003066477,0,0.00095,0.000490798,0.000205804,0.014637002,0.00015,0.006052536,0.004428571,0.002153239,0.003279226,0.002384476,0.00743762,0.003587658,0.003237479,0.002903226,0.003668042,0.007278653,0.005401564,0.002881122,0.215902496,0.005892752,0.002486959,0.0023,0.00285,0.003889033,0.008191974,0.012076911,0.001019472,0,0.00633383,0.001355884,0.000605804,0.000813008,0.00045,0.0007,0.001046572,0.001280217,0.000897091,0.001388797,0.001362769,0.001344657,0.003107658,0.001638769,0.001931496,0.00175,0.001586043,0.002555066,0.000749668,0.004553286,0.003418129,0.00805,0.00125396,0.002737726,0.006358301,0.001142096,0.002042132,0.00120919,0.00100591,0.00051957,0.002070141,0.004962323,0.006956522,0.004043127,0.00165,0.00195,0.004279601,0.003336511,0.009426752,0.000846471,0.002234544,0.004166107,0.0022,0.00255,0.011112046,0.020529665,0.04587156,0.0043,0.012296444,0.00795,0.01949526,0.00427716,0.014028056,0.001905669,0.006185567,0.008831647,0.00455,0.009271978,0.007453787,0.004686036,0.007840677,0.020480312,0.0094,0.001604707,0.000785752,0.005882353,0.006684257,0.001703131,0.002191294,0.004334365,0.001245109,0.001179593,0.000889548,0,0.001570783,0.002328289,0.00099108,0.002264365,0.003847387,0.003114546,0.001693193,0.001283847,0.001272804,0.044672281,0.058517555,0.093777647,0.055285768,0.002331002,0.056376762,0.036211699,0.004969542
14,c__Glomeromycetes,0.013007284,0.005493428,0.00856833,0.009168954,0.004397889,0.006608672,0.012337446,0.016104079,0.003245316,0.004165753,0.003887269,0.015066905,0.01075,0.014713703,0.010761676,0.024092179,0.020878175,0.003603604,0.0024,0.004427227,0.006239537,0.00455,0.0051,0.0019,0.00585,0.001080692,0.009044436,0.002091359,0.0016,0.000179062,0.00265,0.003001054,0.004333694,0.006,0.01745,0.00185,0.00302366,0.0192,0.0071,0.01515,0.00665,0.000543715,0.00135,0.0005,0.0011,0.0042,0.005392339,0.002023779,0.0013,0.004424334,0.012834418,0.034031957,0.012952427,0.00355,0.0054,0.021306032,0.011692559,0.019136113,0.0106,0.010700608,0.004524887,0.00215,0.020632833,0.00918197,0.003547279,0.01401818,0.00060184,0.0079,0.009897751,0.008849558,0.004830211,0.0024,0.00496308,0.006714286,0.008792392,0.01377275,0.038727183,0.009357006,0.042095193,0.02247191,0.006935484,0.013984411,0.005649104,0.004761905,0.002881122,0.004207777,0.002799057,0.002304986,0.0064,0.005,0.006611356,0.015721969,0.015096139,0.033438679,0.015951386,0.006110283,0.006208521,0.004664688,0.006910569,0.0058,0.0046,0.013007401,0.006852926,0.008073818,0.006745586,0.007358953,0.00452937,0.012208657,0.004799251,0.00701777,0.004,0.008479229,0.002290749,0.004613344,0.010829436,0.005390127,0.006,0.015377508,0.043438584,0.020402459,0.003331113,0.005266552,0.008118846,0.023638878,0.008717238,0.008280565,0.005513692,0.003171355,0.004894311,0.00155,0.00595,0.006364534,0.003455672,0.005477707,0.008940853,0.001986262,0.002217444,0.0013,0.0049,0.009596767,0.007595976,0.010484928,0.00145,0.008973081,0.0018,0.005207638,0.012261192,0.006558572,0.00083373,0.008476518,0.008095676,0.0058,0.005151099,0.007602862,0.007685098,0.011761016,0.004266732,0.006,0.00213961,0.001571503,0.004166667,0.007387863,0.002489192,0.009238969,0.010402477,0.011294913,0.032438809,0.004447739,0.028920308,0.012173572,0.02263614,0.083498513,0.006227003,0.064443732,0.046141423,0.10971893,0.028244631,0.002969877,0.003295496,0.007368877,0.018873489,0.017370191,0.028438228,0.016500516,0.004874652,0.012023084
15,c__Kickxellomycotina_Incertae sedis,0.004682622,0.003531489,0.003362256,0.008993751,0.00343835,0.007013285,0.003167723,0.004852321,0.003982888,0.002631002,0.001835655,0.002212622,0.00185,0.017461443,0.003134469,0.002269553,0.002260009,0.006237006,0.00145,0.002351965,0.001674022,0.0014,0.00085,0.0004,0.0027,0.000617538,0.007799187,0.001155751,0.00065,0.000179062,0.0019,0.003001054,0.008417368,0.00085,0.0014,0.0005,0.001436239,0.00425,0.0032,0.00215,0.0006,0.00815572,0.0008,0.00045,0.0004,0.00075,0.000929714,0.001581078,0.0014,0.002714932,0.003886479,0.006087017,0.007747246,0.00195,0.0051,0.008393285,0.002534751,0.007634355,0.00405,0.002027484,0.002289702,0.00065,0.004085024,0.006260434,0.000554262,0.00109517,0,0.0005,0,0.002881251,0.00117096,0.0007,0.003147319,0.002428571,0.00053831,0.001639613,0.00074001,0.001799424,0.003587658,0.007808037,0.002741935,0.002063274,0.002064096,0.028216063,0.001503194,0.001596053,0.003535651,0.00072789,0.00035,0.00055,0.003759398,0.001323955,0.006038455,0.002650627,0.000569692,0.003278689,0.001284522,0.004058884,0.003810976,0.00315,0.00225,0.003962024,0.003915958,0.002819428,0.003174393,0.007631507,0.005661713,0.002663707,0.00550158,0.004442441,0.0048,0.006527176,0.004581498,0.005824347,0.00344573,0.003352396,0.0033,0.00250792,0.001642636,0.004192286,0.001713144,0.003600602,0.00120919,0.004149378,0.002944233,0.010959571,0.002756846,0.002966752,0.006525748,0.00125,0.0055,0.004828267,0.003693994,0.005732484,0.002645223,0.003227675,0.001478296,0.00065,0.00145,0.005219295,0.00307945,0.002621232,0.0012,0.002991027,0.00105,0.001869408,0.004847448,0.002732738,0.000476417,0.000687285,0.005703772,0.00145,0.001373626,0.002608825,0.001874414,0.001254508,0.003413385,0.00355,0.002674512,0.0075956,0.00245098,0.003342128,0.001965151,0.004678709,0.003839009,0.007292778,0.00516072,0.008154188,0.009425878,0.004123306,0.005173975,0,0.001839796,0.004488618,0.002883839,0.005418219,0.003618114,0.015697921,0.006590992,0.012136974,0.00176939,0.003548749,0.0004662,0.014781712,0.002553389,0.005610773
16,c__Lecanoromycetes,0.006893861,0.009024917,0.011930586,0.008292939,0.016232209,0.017196035,0.010670223,0.005203938,0.009883464,0.017101513,0.016088975,0.059108629,0.1195,0.028629676,0.033643297,0.037360335,0.068123117,0.025363825,0.11405,0.037908135,0.046492163,0.011,0.0109,0.00625,0.024,0.003550844,0.018088871,0.011282334,0.0033,0.001313119,0.01,0.006488766,0.036086341,0.0042,0.0097,0.0069,0.021845945,0.01965,0.01885,0.0325,0.0076,0.010656807,0.01375,0.00665,0.0097,0.00615,0.027829429,0.023905894,0.01575,0.021618904,0.032086045,0.021788753,0.056046483,0.0146,0.02675,0.014480723,0.02060507,0.024861878,0.0165,0.024442442,0.022242817,0.0215,0.026310323,0.018781302,0.022613901,0.016646589,0,0.00445,0.006952965,0.00504219,0.036738876,0.0044,0.042367752,0.031428571,0.011125067,0.109034268,0.013320178,0.025671785,0.051423105,0.055037136,0.053548387,0.005043558,0.030418251,0.018336887,0.029061756,0.025972142,0.029611078,0.014193861,0.00575,0.0077,0.016204304,0.019197352,0.053392659,0.010194719,0.000189897,0.01609538,0.0092771,0.015932635,0.013821138,0.0137,0.00835,0.017567467,0.030875819,0.020761246,0.031016467,0.024257291,0.026185421,0.038401776,0.031838932,0.025624517,0.03815,0.019459525,0.016475771,0.018453376,0.033349742,0.02182344,0.01335,0.013727561,0.019164081,0.029555618,0.00799467,0.007953568,0.013992054,0.011065007,0.005080245,0.020944959,0.073148318,0.065473146,0.049014045,0.0275,0.04265,0.05047734,0.064942803,0.037579618,0.042693895,0.042539105,0.039981185,0.00755,0.0117,0.054802593,0.049476494,0.051987768,0.0109,0.044034563,0.0324,0.053278141,0.05132592,0.052468574,0.009171034,0.040778923,0.030358786,0.02275,0.052541209,0.048673226,0.036363636,0.043594167,0.032427161,0.03335,0.019256486,0.026715558,0.019240196,0.013368514,0.010480807,0.007166124,0.021176471,0.016986837,0.052344441,0.017939214,0.01756641,0.009424701,0.010477299,0.009663033,0.009765072,0.015389548,0.01361172,0.004402303,0.014705882,0.020364871,0.012083486,0.008235804,0.012385727,0.014755323,0.008391608,0.023719491,0.045032498,0.024527092
17,c__Leotiomycetes,0.002471384,0.007847754,0.006290672,0.013023419,0.01087478,0.00384382,0.003501167,0.003656821,0.005015489,0.004604253,0.009178274,0.00779686,0.00255,0.013206878,0.006686867,0.007681564,0.007748601,0.01025641,0.05425,0.006779192,0.009663674,0.01085,0.0032,0.048,0.00705,0.004837382,0.011076157,0.001871216,0.0067,5.97E-05,0.00485,0.004866575,0.01508459,0.01525,0.0626,0.09665,0.008919797,0.02725,0.01375,0.06595,0.03415,0.020117442,0.0107,0.02425,0.1237,0.0097,0.006879881,0.010561599,0.01375,0.011161388,0.016449747,0.025039773,0.029657426,0.0109,0.10375,0.036340159,0.01529027,0.024309392,0.03455,0.153300293,0.036907812,0.0057,0.008031572,0.03672788,0.008868196,0.022889059,0.001547588,0.0086,0.012351738,0,0.024297424,0.0114,0.010894565,0.009285714,0.008074646,0.015576324,0.00197336,0.016314779,0.016264052,0.008950676,0.009032258,0.015818432,0.014231396,0.010803127,0.039834649,0.032646547,0.025633471,0.00588378,0.0043,0.0074,0.012704174,0.010922631,0.022723661,0.008869406,0.150588682,0.012593145,0.070720046,0.01338826,0.01402439,0.01095,0.0736,0.027808926,0.015814444,0.006664104,0.011639442,0.006813846,0.013305025,0.012652608,0.014983027,0.01564512,0.0175,0.023851644,0.010748899,0.014186033,0.014644351,0.009794255,0.00615,0.01280359,0.012228509,0.017747345,0.01084991,0.007308684,0.02452928,0.012825349,0.014317053,0.005966878,0.012681492,0.014731458,0.009575826,0.0019,0.00765,0.013058268,0.046711153,0.01477707,0.07565337,0.011255483,0.004905255,0.1545,0.0037,0.012206415,0.013960172,0.017038008,0.00675,0.011299435,0.15205,0.013085859,0.010550328,0.022408453,0.008694616,0.016494845,0.025574977,0.01775,0.013392857,0.012745975,0.010684161,0.012074643,0.024015604,0.0131,0.001337256,0.010738607,0.005392157,0.003869833,0.004978383,0.006751555,0.009535604,0.004180007,0.004718372,0.003854707,0.011996572,0.009817396,0.006467469,0.004459861,0.040050948,0.007374158,0.007036567,0.002370471,0.005368814,0.009546033,0.009154156,0.003467707,0.008846948,0.005042959,0.012587413,0.008250258,0.006499536,0.020519397
18,c__Microbotryomycetes,0.020031217,0.033156759,0.013665944,0.022309175,0.019990405,0.020028323,0.017505835,0.027144866,0.017701726,0.016443762,0.030666235,0.020335054,0.00945,0.017372806,0.023926444,0.019553073,0.025290573,0.02966043,0.0106,0.02102933,0.02777355,0.4755,0.6237,0.5346,0.01455,0.011115685,0.013435575,0.038580077,0.74735,0.862361227,0.5496,0.011679779,0.0180015,0.0341,0.09225,0.03745,0.008693023,0.01,0.0211,0.081,0.0049,0.005002175,0.0108,0.00165,0.01005,0.0029,0.024482459,0.013407539,0.00865,0.008547009,0.015003615,0.018745245,0.012226123,0.0087,0.01135,0.014757425,0.016434996,0.019487695,0.02005,0.015881955,0.011557542,0.6093,0.022433013,0.014607679,0.002438754,0.007337641,0.019344854,0.01565,0.001717791,0.019345544,0.008635831,0.01735,0.021183876,0.015714286,0.002332675,0.015412363,0.009784575,0.014995202,0.021047596,0.041896782,0.014193548,0.032324622,0.008365019,0.002985075,0.008392835,0.005223447,0.017972893,0.004609972,0.00575,0.0046,0.007518797,0.01836988,0.06785317,0.013558976,0.006646411,0.021162444,0.032398487,0.009147634,0.009400407,0.0107,0.0365,0.009344397,0.011145418,0.011918493,0.011044243,0.009811938,0.010474168,0.010210877,0.026571462,0.019443729,0.02115,0.017873483,0.00907489,0.015916037,0.018582328,0.007559324,0.00745,0.024287223,0.010585873,0.018446059,0.005615304,0.005750215,0.00984626,0.007292845,0.008832698,0.014247443,0.029222569,0.02915601,0.023265711,0.00785,0.01965,0.024141337,0.03014776,0.021783439,0.014919056,0.021435074,0.01491735,0.0052,0.0087,0.026517384,0.016013139,0.034294452,0.00655,0.017613825,0.00505,0.020830551,0.010835472,0.016578612,0.002858504,0.012829324,0.038270469,0.00925,0.016826923,0.022286822,0.005810684,0.015681355,0.015725954,0.01925,0.025942765,0.03221582,0.027205882,0.016886544,0.020175554,0.016286645,0.028359133,0.043400925,0.021085226,0.022535211,0.032347901,0.020027489,0.025740525,0.014370664,0.010331163,0.023084322,0.017764448,0.024720623,0.015056022,0.034577853,0.016843647,0.024273949,0.02713064,0.025214793,0.050815851,0.027500859,0.048514392,0.033824944
19,c__Monoblepharidomycetes,0.001430801,0.000196194,0.001843818,0.000408807,0.001439309,0.00161845,0.000500167,0.000984529,0.001032601,0,0.002915452,0.000737541,0.00015,0.000620457,0.000313447,0.002618715,0.001614292,0.000831601,0.00015,0.000276702,0.001217471,0.00055,0.00205,0.0002,0.00235,0.000257308,0.003145891,0.001155751,0.0004,0,0.00015,0.000405548,0.002000167,0.0004,0.00005,0,0.000831507,0.00515,0.0008,0.00005,0.0001,0.000652458,0.00005,0,0,0,0.000433866,0.000316216,0.00015,0.000100553,0,0.000138341,0,0,0.0004,9.22E-05,0,5.02E-05,0,0,0.000272584,0,0,0,0,0.000328551,0,0,8.18E-05,0,0.00014637,0,0.001331558,0,0.001973802,0.000491884,0.000904457,0.000839731,0.00430519,0.004189678,0.001612903,0.002980284,0,0,0.000626331,0.000290192,0.000589275,0,0.00005,0,0,0,0,0.001019472,0,0.002235469,0.000713623,0,0.00152439,0.0007,0.00215,0.003214473,0.001054296,0.000768935,0.000925865,0.003815754,0.000707714,0.002885683,0.002575208,0.002124646,0.0023,0.000915025,0.000264317,0.000807335,0.003937977,0.000723066,0.00095,0.002573918,0.003650301,0.007965344,0.000666223,0.000268702,0.001036448,0.001257387,0.004676134,0.002070141,0.000918949,0.000102302,0.000141864,0.00005,0.00065,0.0003292,0.000238322,0.000764331,0.000634853,0.000413805,0.000470367,0.0006,0.0003,0.001010186,0.001642373,0.000655308,0.00015,0.002991027,0.0005,0.001201763,0.001140576,0.000364365,0,0,0.000919963,0.00135,0,0.000298151,0.000187441,0,0.00073144,0.00015,0.000267451,0.000261917,0.001715686,0.003166227,0.00052404,0.000473793,0.002724458,0.000889363,0.000884695,0.001037806,0.001285347,0.000589044,0.000517397,0,0.000141523,0.000641231,0.000922828,0.001354555,0.000933707,0.001697073,0.000366166,0,0,0.000747105,0.000932401,0.001031282,0,0.000480923
20,c__Mucoromycotina_Incertae sedis,0.066727367,0.089464391,0.122668113,0.101325702,0.087398049,0.071076944,0.061853951,0.052320675,0.032010621,0.072352554,0.068783069,0.108313139,0.07305,0.157330261,0.10813917,0.067562849,0.109771847,0.099099099,0.0289,0.089513005,0.119844772,0.07435,0.0434,0.05525,0.16975,0.109715932,0.121444488,0.392074849,0.02685,0.018503044,0.06755,0.126693162,0.149429119,0.15775,0.0649,0.0939,0.157608285,0.14295,0.0904,0.1332,0.12975,0.339821662,0.4821,0.08885,0.1121,0.11095,0.16964175,0.154186694,0.1941,0.295022624,0.206796819,0.168845542,0.239680426,0.151,0.1681,0.271352149,0.300981194,0.200050226,0.3818,0.187767515,0.298915117,0.05005,0.134944264,0.06803005,0.10564239,0.065819735,0.290172814,0.11405,0.018241309,0.173080881,0.100409836,0.04325,0.091998547,0.102428571,0.02978647,0.108378423,0.049333991,0.059980806,0.091604879,0.080556085,0.052903226,0.082530949,0.070613797,0.304619758,0.069898534,0.075449797,0.107395404,0.502365644,0.7044,0.57805,0.077910293,0.097641705,0.064198316,0.08492201,0.006836308,0.158643815,0.11139656,0.150905676,0.135569106,0.10625,0.0635,0.174927114,0.238346261,0.26323209,0.132464784,0.129463069,0.17388535,0.115427303,0.127823949,0.145312902,0.1244,0.118221192,0.219823789,0.119773946,0.130691607,0.17228686,0.21135,0.095036959,0.318488775,0.214714925,0.357475968,0.143379192,0.215754016,0.175405507,0.1279298,0.143448612,0.159529498,0.134424552,0.100723507,0.058,0.0723,0.103698014,0.143708294,0.103312102,0.094328642,0.236778946,0.39517538,0.02845,0.03995,0.162724135,0.176144529,0.169506335,0.0448,0.175805916,0.06005,0.182667913,0.277730254,0.132993259,0.036445927,0.115693013,0.116651334,0.08245,0.115556319,0.125745379,0.112464855,0.111964874,0.107155919,0.12775,0.12810912,0.077003667,0.06127451,0.112401055,0.31416219,0.049866746,0.070464396,0.071593739,0.074314362,0.077687176,0.074764353,0.120753976,0.083171647,0.039890981,0.048400793,0.099711446,0.098627293,0.044361666,0.080648926,0.18561731,0.061149762,0.102297356,0.077853141,0.077698917,0.071328671,0.102440701,0.111652739,0.080955434
21,c__Neocallimastigomycetes,0.002341311,0.001961938,0.000976139,0.00181043,0.001359348,0.00397869,0.001333778,0.002742616,0.00236023,0.006577505,0.001511716,0.00210726,0.00125,0.000886368,0.003865845,0.002269553,0.000968575,0.000970201,0.0003,0.002075263,0.002130574,0.00085,0.00295,0.0009,0.00185,0.000308769,0.001900642,0.000660429,0.0003,5.97E-05,0.00005,0.000811096,0.001583465,0,0.0013,0.00015,0.000680324,0.00175,0.00105,0.00055,0.00055,0.000978686,0.0009,0.00005,0.0017,0.0004,0.007995537,0.001581078,0.00095,0.000201106,0.000542299,0.002005949,0.001815761,0.00035,0.00145,0.002490315,0.001880621,0.000703164,0.00125,0.000675828,0.001853568,0.0007,0.004708163,0.001669449,0.000554262,0.003833096,0,0.00105,0.002617587,0.005659601,0.00087822,0.00105,0.004236775,0.001428571,0.002153239,0.005902607,0.006002302,0.004918426,0.007414494,0.011235955,0.007419355,0.002751032,0.000760456,0.001563611,0.000375799,0.001450958,0.004566883,0.000606575,0.00015,0.00045,0.000648172,0.00057923,0.004290481,0.000815578,0.00075959,0.011922504,0.000856348,0.001029866,0.004522358,0.00205,0.0005,0.001196083,0.000602455,0.000384468,0.001256531,0.000817661,0.000849257,0.001553829,0.004916306,0.00502189,0.00595,0.001708046,0.008634361,0.000922669,0.004553286,0.001577598,0.00125,0.008381732,0.001642636,0.002305757,0.000666223,0.000214961,0.000690966,0.00100591,0.001327791,0.004018509,0.002940636,0.001329923,0.001844233,0.0007,0.00175,0.0023044,0.002264061,0.001783439,0.002169083,0.003724241,0.001075124,0.00115,0.0019,0.005471841,0.00369534,0.010048056,0.0008,0.002160186,0.0007,0.003071171,0.003992016,0.003643651,0.000595522,0.002749141,0.003311868,0.00375,0.005666209,0.002534287,0.000937207,0.003293085,0.001828599,0.0034,0.003476865,0.002095338,0.002573529,0.004221636,0.004192323,0.001895173,0.002972136,0.009338314,0.000294898,0.007561156,0.00428449,0.00471235,0.003492433,0.00123885,0.007500708,0.00288554,0.002422425,0.004402303,0.007586368,0.010606703,0.001830831,0.00520156,0.00501327,0.006537168,0.01025641,0.00446889,0.002321263,0.003687079
22,c__Neolectomycetes,0,0,0,0.000116802,0,0,0,0,0,0,0,0,0.00005,0,0,0,0,0,0,0,0,0.0006,0,0.00015,0.00065,0.000463154,0.000262158,0,0,0,0.00015,0.000486657,0.000166681,0,0.00015,0,7.56E-05,0.0001,0,0,0.00015,0.000108743,0.0001,0.0001,0.00025,0.00005,0,0.000126486,0.00015,0.000100553,0.002440347,0.003527703,0.000968406,0.0011,0.0021,0.000645637,0.000408831,0.001104972,0.0021,0.000337914,0.00049065,0.00005,0,0.000417362,0.000221705,0.000109517,0.001375634,0.0007,0,0,0,0.0001,0,0.000571429,0,0.00131169,0,0,0,0,0,0,0,0,0,0.000580383,0,6.07E-05,0,0.0003,0.000648172,0,0,0,0,0.000149031,7.14E-05,0,0.000101626,0,0,0,0,0.000384468,6.61E-05,0,7.08E-05,0.003551609,0.000351165,6.44E-05,0.00015,0.000183005,0,0,0,0.000131467,0.0002,0.000131996,0,0.000209614,0,0.000107481,0.000172741,0,0.00034638,0.000121773,0,0,0,0,0.0001,0,0,0,0,8.28E-05,0,0,0,0,0,0,0,0,0,0.000133529,0,0,0,0,0.000183993,0,0.000171703,0,0.000187441,0,0,0.0007,0,0,0,0,0,5.92E-05,0,0,0,0.000148258,0,0.000196348,0,0,0.000141523,0,0,0,0.001167134,0.000636402,0,0.000433463,0,0,0,0,0.000232126,0.000160308
23,c__Orbiliomycetes,0,0.000588582,0,0.000759213,0,0.000202306,0.001333778,0.000140647,0,0,0.003239391,0.000526815,0.0022,0,0.000208965,0,0.001399053,0,0.00515,0,0.000456552,0.00025,0.0001,0.0002,0.00105,0.001440922,0.000458776,0.001100715,0.00065,0,0.00025,0.000243329,0.000250021,0.00005,0.008,0.00015,0.002721294,0.0011,0.0006,0.00025,0.0011,0.000217486,0.0001,0.0011,0.0003,0.00005,6.20E-05,0.00082216,0.00045,0.000402212,0,0.003666044,0.000363152,0.00155,0,0.00166021,0.001226492,0.001104972,0.00115,0.002140122,0.00397972,0.0001,0.002077131,0,0.000332557,0.004161647,0.003954948,0.0041,0,0.003292859,0,0.00145,0.000726304,0.000857143,0,0.00377111,0,0,0.000956709,0.003618358,0,0,0,0.001137171,0.000501065,0.002176436,0.000147319,0.000303288,0.0001,0.0022,0.002981592,0.000413736,0,0.005199307,0,0.000298063,0.000214087,0.000242321,0,0,0.0001,0,0.000903683,0.001794182,0,0,0,0.001331853,0.000351165,0.000579449,0,0,0.000969163,5.77E-05,0.000615309,0.012292119,0.0001,0.003365892,0.001642636,0,0.001332445,0.000376182,0.022629124,0,0,0,0.002021687,0,0.000141864,0.00065,0.00005,0.0023044,0,0,0.001957465,0.000827609,0.000470367,0,0.00005,0.000168364,0,0.0218436,0,0.000166168,0.00015,0,0,0.014392421,0,0.00045819,0.000735971,0.00005,0,0,0,0,0.000121907,0.0134,0,0,0.000367647,0,0,0.064258217,0.000866873,0.002757026,0.010616337,0.000148258,0.000642674,0.004908698,0.001810891,0.00099108,0.002264365,0.004809234,0.003114546,0.013884186,0.001517274,0.001909207,0.003295496,0.00390117,0.002064288,0.002801644,0,0,0,0.000801539
24,c__Pezizomycetes,0.197450572,0.033549147,0.028091106,0.015768265,0.034703342,0.06345674,0.22990997,0.056118143,0.04071397,0.027406271,0.034445524,0.02265304,0.0169,0.031377415,0.042942221,0.038931564,0.020124839,0.021760222,0.0113,0.02587161,0.077842033,0.011,0.014,0.07995,0.0166,0.019915603,0.024446192,0.006494221,0.00525,0.000775934,0.00765,0.011841999,0.016668056,0.08945,0.09705,0.00695,0.014967118,0.0142,0.0276,0.03755,0.0278,0.01000435,0.01215,0.0021,0.02375,0.01695,0.021445395,0.025676701,0.01815,0.006435395,0.012111352,0.013073252,0.017189202,0.01175,0.031,0.010606899,0.008748978,0.031290809,0.01005,0.007546745,0.01722728,0.0061,0.045835353,0.017111853,0.010974393,0.034935933,0.007651965,0.00655,0.041554192,0.031385059,0.057523419,0.0219,0.022636485,0.021142857,0.017943657,0.024758157,0.008386778,0.019073896,0.032288926,0.042658541,0.022258065,0.021779,0.022379142,0.020966596,0.119002881,0.021619269,0.036535062,0.017772656,0.00605,0.00875,0.025408348,0.025155151,0.044970602,0.008155775,0.049943031,0.01147541,0.019910083,0.095838129,0.018140244,0.0221,0.01525,0.034312626,0.02748701,0.020889402,0.030024469,0.037339875,0.01408351,0.027524972,0.04085216,0.059296935,0.119,0.059842616,0.030396476,0.256098264,0.098572483,0.012160652,0.0094,0.014981521,0.042526008,0.060718278,0.013705149,0.010694325,0.017274141,0.027662517,0.008832698,0.069410619,0.040433744,0.033759591,0.308979997,0.00595,0.0144,0.022385603,0.025023832,0.034394904,0.021479209,0.183398163,0.0198898,0.11685,0.5442,0.053118949,0.056045986,0.042158148,0.0751,0.052509139,0.17265,0.04379757,0.032221272,0.035343414,0.006550738,0.069186712,0.022447102,0.0496,0.042067308,0.031156828,0.026804124,0.026658303,0.030232842,0.03295,0.021128644,0.07097957,0.04620098,0.088302551,0.039958077,0.03968019,0.156532508,0.065368196,0.112798584,0.18324685,0.121465296,0.0757903,0.058595266,0.138999009,0.036654401,0.087207438,0.049371323,0.047409414,0.107376284,0.040517607,0.069571585,0.066319896,0.072544972,0.051550243,0.043822844,0.084221382,0.044103993,0.051458801
25,c__Pezizomycotina_Incertae sedis,0.014568158,0.018638415,0.022993492,0.0238276,0.019670558,0.028120575,0.018172724,0.024261603,0.009883464,0.025652269,0.029154519,0.020756506,0.0121,0.015600071,0.009716853,0.009601955,0.021954369,0.027997228,0.0065,0.024488102,0.010957236,0.01545,0.0019,0.0126,0.0172,0.01127007,0.014222047,0.002641717,0.00165,0.000119374,0.00455,0.00957093,0.020168347,0.01755,0.01865,0.0084,0.026305843,0.03615,0.04865,0.01915,0.03925,0.031644193,0.05285,0.052,0.0256,0.0242,0.02863518,0.03440425,0.0401,0.026646556,0.168022415,0.041986581,0.021425977,0.0172,0.05555,0.027301236,0.05053148,0.045454545,0.0339,0.090673575,0.037125879,0.0026,0.007616146,0.007095159,0.078594391,0.00591392,0.015217952,0.0071,0.000163599,0.00730603,0.008489461,0.01615,0.017552354,0.095142857,0.004127041,0.029840958,0.007071205,0.108925144,0.009327912,0.084745763,0.019193548,0.025447043,0.017273221,0.006183369,0.02467744,0.017701683,0.021508544,0.002304986,0.00925,0.0134,0.010889292,0.006950765,0.023041475,0.009990825,0.003987847,0.011549925,0.041104689,0.011086206,0.013668699,0.0058,0.0084,0.009194887,0.016040364,0.005767013,0.10005952,0.048787135,0.016135881,0.018867925,0.0119396,0.028457378,0.02235,0.031781858,0.037709251,0.043538435,0.021043564,0.08643923,0.0696,0.011087645,0.013871144,0.014952487,0.07928048,0.063144884,0.077215409,0.034578147,0.022745641,0.010594252,0.007719169,0.006956522,0.007518797,0.0119,0.00635,0.007461868,0.009532888,0.007898089,0.010475082,0.014317636,0.00611477,0.0013,0.00615,0.012711508,0.011086019,0.011140236,0.00295,0.011465603,0.00485,0.038189344,0.026233248,0.020950993,0.002143878,0.023367698,0.017479301,0.0228,0.014938187,0.026088253,0.015932521,0.014426846,0.017188833,0.0411,0.011767852,0.063122053,0.033455882,0.044854881,0.049390803,0.049096832,0.05869969,0.048648168,0.075346505,0.057524092,0.032133676,0.025917927,0.026645971,0.009910803,0.071044438,0.018595704,0.021455762,0.023704707,0.031279178,0.055154858,0.009886488,0.009536194,0.010026541,0.052484124,0.021445221,0.024750773,0.022284123,0.018275088
26,c__Pucciniomycetes,0.004162331,0.006866784,0.004229935,0.001460025,0.004317927,0.005192528,0.003334445,0.004781997,0.010326007,0.012058759,0.005614944,0.005162786,0.0014,0.003368197,0.001149305,0.001571229,0.00204477,0.004296604,0.00085,0.004150526,0.003119769,0.0014,0.0018,0.00135,0.0045,0.001235076,0.002818194,0.001485966,0.0009,5.97E-05,0.003,0.001703301,0.00308359,0.0012,0.00355,0.00085,0.126237811,0.005,0.0028,0.00225,0.0042,0.000978686,0.0038,0.00115,0.00165,0.0012,0.008305442,0.001770807,0.00095,0.037405732,0.001626898,0.004841945,0.006415688,0.00225,0.0021,0.010606899,0.005641864,0.030939227,0.00595,0.006420365,0.022351851,0.00515,0.005885204,0.000834725,0.000997672,0.003504545,0.000257931,0.0009,0.000817996,0.034472114,0,0.0037,0.003752572,0.003142857,0.000179437,0.004590917,0.001397796,0.00371881,0.001913418,0.002666159,0.003225806,0.008482348,0.002064096,0.001350391,0.002254791,0.001450958,0.099440189,0.00048526,0.0005,0.00065,0.000648172,0.002565163,0.002065787,0.002140891,0.001898975,0.002757079,0.001284522,0.002059732,0.001575203,0.00265,0.0019,0.002242655,0.003765344,0.001794182,0.002182395,0.000272554,0.003043171,0.004217536,0.004916306,0.003154777,0.0044,0.002135058,0.000528634,0.001672337,0.007137583,0.001906264,0.0011,0.001055966,0.002190181,0.002724986,0.001142096,0.001182287,0.001727414,0.006412674,0.005542085,0.00888943,0.006432641,0.004092072,0.00347567,0.00495,0.00255,0.002853067,0.004408961,0.002420382,0.002645223,0.005213937,0.004770864,0.00135,0.0015,0.003788198,0.005748306,0.005679336,0.00085,0.001994018,0.0009,0.003872346,0.001710864,0.005465476,0.000119104,0.004123711,0.005703772,0.0029,0.004292582,0.005441264,0.001124649,0.00266583,0.002316226,0.00165,0.004011768,0.0075956,0.003186275,0.006332454,0.003537272,0.006159313,0.00247678,0.005691925,0.004423474,0.008154188,0.009640103,0.003730611,0.001293494,0.001982161,0.002264365,0.004488618,0.005767678,0.002370471,0.00140056,0.009758167,0.006590992,0.006068487,0.005308169,0.005229735,0.010722611,0.008594019,0.034586815,0.011221545
27,c__Saccharomycetes,0.023283039,0.034333922,0.019305857,0.016410676,0.015112746,0.038303325,0.026675559,0.011603376,0.017554212,0.029818022,0.019652305,0.017384891,0.0094,0.015156887,0.020791976,0.011522346,0.010977185,0.014275814,0.0095,0.013835086,0.016359763,0.0614,0.06095,0.0484,0.01445,0.010343763,0.032835234,0.016180517,0.0724,0.057538498,0.04445,0.017600779,0.017084757,0.00265,0.00565,0.0033,0.012472598,0.01175,0.006,0.0128,0.0234,0.045454545,0.01205,0.00445,0.00675,0.00595,0.026899715,0.011826461,0.03685,0.019808949,0.022686189,0.098014803,0.021062825,0.02915,0.01905,0.025179856,0.028209321,0.021546961,0.0259,0.042802433,0.018808265,0.0406,0.028041266,0.007095159,0.012304623,0.018398861,0.041440977,0.0316,0.002781186,0.043218769,0.017125293,0.0245,0.022636485,0.036428571,0.022070698,0.03639941,0.013073508,0.020393474,0.02846209,0.015616073,0.026290323,0.026593306,0.009668658,0.226083866,0.013528749,0.011172374,0.020919269,0.007096931,0.0052,0.03305,0.016593207,0.01481175,0.032416971,0.011112244,0.002658564,0.009836066,0.007921216,0.018052947,0.018902439,0.0122,0.00385,0.011886073,0.0120491,0.01076509,0.013425038,0.01281003,0.008351026,0.01154273,0.017792345,0.022405357,0.0293,0.024644665,0.027753304,0.030794072,0.025966035,0.020837442,0.04575,0.007391763,0.023179412,0.030044718,0.015608642,0.019507739,0.011573674,0.010939268,0.008832698,0.031417438,0.02903878,0.033657289,0.069726202,0.02325,0.0231,0.025348403,0.040753098,0.020382166,0.011586076,0.042952909,0.044147292,0.0073,0.00735,0.030473946,0.027715048,0.020969856,0.0112,0.044200731,0.0065,0.027106423,0.022241232,0.01785389,0.006074321,0.027491409,0.015271389,0.01055,0.025755495,0.027280859,0.016119963,0.030421828,0.025356577,0.02685,0.012837657,0.024882137,0.035171569,0.02708883,0.023450806,0.01877406,0.026377709,0.023745998,0.014744913,0.014974055,0.017780634,0.04457098,0.027292718,0.013875124,0.020379281,0.023725553,0.026300611,0.031832035,0.036647993,0.046245227,0.017575979,0.030775899,0.032438809,0.05715353,0.038694639,0.025094534,0.035051068,0.041519718
28,c__Sordariomycetes,0.195239334,0.253286247,0.220715835,0.430765637,0.215496562,0.184435903,0.176392131,0.323699015,0.408909869,0.286121465,0.302991038,0.206300706,0.09145,0.238344265,0.339671926,0.152234637,0.199634094,0.207623008,0.0438,0.257055894,0.240907016,0.11205,0.0444,0.04045,0.11115,0.267548374,0.351225587,0.045019263,0.04605,0.00626716,0.13335,0.090842729,0.29335778,0.0883,0.15005,0.1275,0.294882455,0.2572,0.15925,0.1961,0.26135,0.272183558,0.2071,0.48755,0.2983,0.3244,0.241663568,0.432899064,0.3349,0.306686777,0.225867679,0.213806461,0.26558528,0.33725,0.29795,0.224866261,0.262714636,0.282270216,0.1873,0.130209507,0.202529575,0.1067,0.133767223,0.16736227,0.264604811,0.416055197,0.018055197,0.2976,0.110674847,0.014303355,0.225848946,0.1055,0.278658758,0.251142857,0.70500628,0.218232497,0.670120046,0.24556142,0.225304951,0.190059036,0.389516129,0.203347088,0.343400326,0.144278607,0.1404234,0.27190946,0.183706541,0.233167536,0.08825,0.114,0.224915738,0.363591229,0.168123312,0.244163523,0.269654387,0.465201192,0.25711839,0.331980372,0.310162602,0.34535,0.2434,0.337220603,0.295428873,0.3029604,0.217445936,0.324339057,0.323283793,0.398446171,0.238323774,0.22411795,0.16625,0.295003965,0.308105727,0.166195721,0.200590697,0.229934924,0.182,0.382061774,0.159700675,0.158468418,0.196345294,0.390154772,0.185006046,0.261159311,0.167186237,0.183268388,0.288182319,0.168491049,0.079656689,0.6844,0.1003,0.379567651,0.242135367,0.310191083,0.157866892,0.117851527,0.131568338,0.3296,0.08315,0.106322081,0.15274071,0.134119703,0.10815,0.092888003,0.17035,0.198424356,0.19332763,0.237930406,0.033468318,0.156471936,0.172217111,0.1958,0.088770604,0.14281455,0.172258669,0.154774973,0.185541875,0.1993,0.190425247,0.294394971,0.380392157,0.330694811,0.162321499,0.299318922,0.194798762,0.318125222,0.18814509,0.235137139,0.312767781,0.232672295,0.299443798,0.25123885,0.355080668,0.225072139,0.225631561,0.274635963,0.131185808,0.20280017,0.344196265,0.312093628,0.232379829,0.24355622,0.363170163,0.220006875,0.230733519,0.328470664
29,c__Taphrinomycetes,0,0,0,0.000116802,8.00E-05,0,0,0,0,0,0,0.000105363,0,0,0.000208965,0,0,0,0.00015,0,0,0,0,0,0.0002,0,0,0,0,0,0,0.000162219,0.000916743,0.0003,0.0005,0.0012,0.00302366,0.00095,0.0014,0.00225,0.001,0.000217486,0.00025,0,0.0001,0.0004,0.000867733,0.000632431,0,0.002714932,0.00307303,0.004634433,0,0.001,0.00115,0.002767017,0.002698283,0.001657459,0.00065,0.005744537,0.005615221,0,0,0,0,0,0,0,0,0,0,0.00005,0,0,0,0,0,0,0.000478354,0,0,0.000229253,0.004888647,0,0,0.000145096,0,0,0,0.0027,0.000907441,0,0,0,0,0,0,0.000121161,0,0,0,0.00014951,0.000150614,0,0.000132266,0,7.08E-05,0.000221976,0.00023411,0.000515066,0.00005,0.00036601,8.81E-05,0.000115334,0,0,0,6.60E-05,0,0,0,0,0,0,0,0,0.00018379,0.000409207,0,0,0.00015,0,0.000119161,0,0,8.28E-05,0,0,0,8.42E-05,0.000410593,0,0,0,0,0,0,0,0,0,0,0.0001,0,7.45E-05,0,0,0,0,0.000802354,0,0.000122549,0,0,5.92E-05,0.000247678,0,0,0.000296516,0,0,0,0,0,0,0,0,0,0,0,0.000433463,0,0,0,0,0,0
30,c__Tremellomycetes,0.053980229,0.035314891,0.049240781,0.035157391,0.230449384,0.034459505,0.037012337,0.022151899,0.059005753,0.033983775,0.049778642,0.092403329,0.04815,0.032706967,0.066241772,0.259078212,0.114937581,0.136798337,0.02985,0.220531267,0.012479075,0.03335,0.04465,0.03835,0.326,0.440304652,0.023397562,0.042487617,0.00955,0.01253432,0.02085,0.478546516,0.105592133,0.03145,0.0248,0.0151,0.044901353,0.1084,0.04425,0.04035,0.0121,0.026859504,0.02445,0.1692,0.01245,0.0221,0.046609644,0.041993423,0.0251,0.048366013,0.021149675,0.019091098,0.021183876,0.01235,0.02905,0.032743036,0.028863451,0.036162732,0.0331,0.030975445,0.050264406,0.0129,0.076715364,0.032554257,0.010309278,0.01916548,0.46823145,0.17915,0.008834356,0.125025725,0.087822014,0.0938,0.057378041,0.031571429,0.011125067,0.018035744,0.004768952,0.056022073,0.025591964,0.020948391,0.022580645,0.017193948,0.050190114,0.03901919,0.061380433,0.06746953,0.111814968,0.008310081,0.0081,0.0162,0.024371273,0.013736036,0.021134594,0.150168213,0.004177744,0.083233979,0.056661671,0.072211789,0.095833333,0.0573,0.07265,0.071465949,0.051133368,0.122901448,0.062760399,0.062142273,0.052866242,0.067702553,0.04014983,0.088140613,0.0735,0.070029891,0.074537445,0.06129981,0.031503815,0.057187931,0.12325,0.112460401,0.091257529,0.046115148,0.06452841,0.057179708,0.093798584,0.166855275,0.028056806,0.027642474,0.017276236,0.026598465,0.060221308,0.02655,0.0235,0.017118402,0.035629171,0.027515924,0.044704264,0.037987255,0.025399812,0.024,0.00705,0.043353818,0.017655512,0.109654871,0.00665,0.020438684,0.00765,0.033782882,0.050470488,0.024048096,0.007265364,0.035051546,0.030174793,0.01175,0.041208791,0.043530113,0.030740394,0.04375098,0.051444593,0.0565,0.029687082,0.068360398,0.026960784,0.007739666,0.137560592,0.147823512,0.085944272,0.044557097,0.039221469,0.017939214,0.0218509,0.148242686,0.075022636,0.067393459,0.053637136,0.061878807,0.138539624,0.037588893,0.02369281,0.021425541,0.038081289,0.04247941,0.081981716,0.03828913,0.025641026,0.061876934,0.046657382,0.062359731
31,c__Ustilaginomycetes,0.001560874,0.000784775,0.007700651,0.002628044,0.004637774,0.004248432,0.001333778,0.001687764,0.002950288,0.002850252,0.003023432,0.00495206,0.0029,0.005406843,0.004283774,0.006110335,0.005811451,0.00984061,0.0005,0.005810736,0.004565515,0.0022,0.0008,0.0014,0.0052,0.000874846,0.019989514,0.001816181,0.00065,0.00107437,0.0009,0.001135534,0.012334361,0.00385,0.00315,0.0028,0.00551818,0.0054,0.00485,0.00315,0.00215,0.002501087,0.00615,0.00725,0.00195,0.0021,0.010660716,0.003478371,0.00375,0.001106083,0.003886479,0.005810334,0.003994674,0.0029,0.00515,0.001844678,0.002616517,0.001858363,0.0037,0.003942329,0.002562285,0.0016,0.001730942,0.002921536,0.001441082,0.002299858,0,0.0026,0.001472393,0.000102902,0.004830211,0.00105,0.005689384,0.015428571,0.000717746,0.002951303,0.001315573,0.004678503,0.003109304,0.004951438,0.003387097,0.002751032,0.001738186,0.002629709,0.006138043,0.01131747,0.006040071,0.00072789,0.0007,0.00105,0.005963184,0.005957799,0.006991896,0.002344785,0,0.004545455,0.001213159,0.001575089,0.002743902,0.0099,0.0017,0.005382373,0.003087582,0.00153787,0.007142385,0.002998092,0.001344657,0.003773585,0.005150416,0.006245171,0.00745,0.003538096,0.003524229,0.001499337,0.006030027,0.002366397,0.004,0.002639916,0.003102756,0.015930688,0.001808318,0.001773431,0.005873208,0.006664152,0.002193742,0.004383829,0.004962323,0.00112532,0.002127961,0.00085,0.0017,0.002743334,0.001906578,0.004585987,0.000899376,0.001655218,0.000940734,0.00155,0.0006,0.007492213,0.008622459,0.005897772,0.0012,0.003821868,0.00095,0.006142342,0.004847448,0.005465476,0.000476417,0.001832761,0.001655934,0.0028,0.001888736,0.001490757,0.00393627,0.000784068,0.002681946,0.00235,0.001069805,0.00471451,0.006985294,0.007387863,0.003537272,0.003968019,0.008421053,0.006670224,0.003833677,0.005337287,0.006855184,0.003534263,0.00206959,0.001982161,0.000990659,0.004809234,0.005421617,0.003725025,0.004318394,0.003818413,0.007689491,0.00520156,0.01857859,0.013821442,0.013519814,0.006875215,0.006035283,0.014748317
32,c__Ustilaginomycotina_Incertae sedis,0.000260146,0,0.00010846,0.000175203,0,0,0,0,0.000147514,0,0,0,0.0001,0.000177274,0.000104482,0.001571229,0,0.0001386,0.00005,0.000415053,0.00038046,0.0001,0.00005,0.00005,0,0.000205846,6.55E-05,0,0.0002,0,0,0,0.000166681,0,0,0,0.000302366,0.00005,0.0001,0,0.0004,0,0.0001,0,0.00015,0.00005,0.000123962,0,0.00005,0,0.000632683,0.000207512,0.000968406,0.00035,0.00015,0.000276702,8.18E-05,0.000853842,0.00025,0.000225276,0.000599684,0,0,0.002086811,0,0.000547585,0.000171954,0.0001,8.18E-05,0.000205804,0.00029274,0.00025,0,0,0,0,0,0.000839731,0,0,0,0.003668042,0,0,0,0,0.000147319,0,0,0,0,0,0,0,0,0,0,0,0.000101626,0,0,0,0.000451841,0,6.61E-05,0,0.000212314,0,0.000117055,0,0.0002,0,0,0.000115334,0.000246124,0,0.00015,0,0,0,0,0,0,0.000125739,0,0,0,0,0,0.0002,0,0,0,0.000509554,0.000211618,0.000248283,0,0,0,0,0,0,0,0.000664673,0,0,0,0,0.000119104,0.000229095,0,0.00005,0.000171703,0,0.000187441,0,0,0.00005,0,0,0.000122549,0,0,0,0,0,0,0,0,0,0,0,0,0,0,0,0,0,0,0,0.000294898,0,0.001398601,0.000343761,0.000464253,0
33,c__Wallemiomycetes,0,0,0,0,0,0,0,0,0,0,0,0,0.00015,0,0,0,0,0,0,0,0,0,0,0,0,0,0,0.000165107,0,0,0,0,0,0,0,0,0,0,0,0,0,0,0,0,0,0,0,0,0,0,0,0,0,0,0,0,0,0,0,0,0,0,0,0,0,0,0,0,0,0,0,0,0,0,0,0,0,0,0,0,0,0,0,0,0.000375799,0,0,0,0,0,0,0,0,0,0,0,0,0,0,0,0,0,0,0,0,0,0,0,0,0,0,0,0,0,0,0,0,0,0,0,0,0,0,0,0,0,0,0,0,0,0,0,0,0,0,8.28E-05,6.72E-05,0,0,0,0,0,0,0,0,0,0,0,0,0,0,0,0,0,0,0,0,0,0,0,0,0,0,0,0,0,0,0,0,0,0,0,0,0,0,0,0,0,0,0,0,0,0,0,0,0
34,c__Zoopagomycotina_Incertae sedis,0.001690947,0.000392388,0.012255965,0.002277638,0.000719655,0.003641513,0.000500167,0.000562588,0.003097802,0.001973251,0.000971817,0.001369719,0.002,0.003545471,0.002821022,0.002967877,0.001506672,0.003187803,0.00105,0.001106807,0.003348044,0.0004,0.00055,0.00285,0.00655,0.010137917,0.001441867,0.000605394,0.00025,0,0.0001,0.01159867,0.016834736,0.0012,0.00045,0.00125,0.003099252,0.0029,0.0071,0.0093,0.0011,0.000652458,0.00255,0.00075,0.0006,0.0007,0.004958473,0.003098912,0.00085,0.001709402,0.002711497,0.002974338,0.004842029,0.0024,0.0039,0.004980631,0.003597711,0.002360623,0.00265,0.002703312,0.001253884,0.0002,0,0.002504174,0.001773639,0.000876136,0.019688763,0.00945,0.001554192,0,0.00043911,0.0001,0.002421014,0.000857143,0.002691549,0.007050336,0.007317875,0.001799424,0.004783545,0.002666159,0.002419355,0.002063274,0.001195003,0.000923952,0.002755856,0.002466628,0.000736594,0.00072789,0.0002,0.0004,0.001555613,0.000248242,0.00047672,0.001427261,0,0.000670641,0.001141797,0.001817411,0.001880081,0.0014,0.0014,0.003064962,0.000225921,0.000768935,0.000793598,0.002452984,0.000920028,0.000665927,0.007725623,0.001158898,0.00175,0.00109803,0.000792952,0.000749668,0.003937977,0.003746796,0.0128,0.003563886,0.007848147,0.004611515,0.002950414,0.002149613,0.004491277,0.00490381,0.002309202,0.003166098,0.012865282,0.007570332,0.007802525,0.0009,0.00345,0.004389334,0.017040038,0.005859873,0.004814305,0.002648349,0.005039645,0.00805,0.01165,0.052698039,0.024019708,0.001965924,0.01235,0.03256896,0.0045,0.019094672,0.037924152,0.026052104,0.000357313,0.00045819,0.004231831,0.00245,0.000686813,0.002981515,0.004498594,0.00219539,0.000487626,0.0011,0.000267451,0.003928759,0.002573529,0.001759015,0.002358182,0.00284276,0.000743034,0.001867663,0.001916839,0.001186064,0.002570694,0.001178088,0.000905446,0,0.002405887,0.000961847,0.001153536,0.000677277,0.002334267,0.00466695,0.003295496,0.00390117,0.003833677,0.002054539,0.002331002,0.001375043,0.012070566,0.003045848
35,c__Zygomycetes,0.001170656,0.000392388,0.001084599,0.000292005,0.00047977,6.74E-05,0.000500167,0.000703235,0,0,0.00010798,0.00389843,0.00075,0.001063641,0.000626894,0.000698324,0.001183814,0.0001386,0.00005,0,0.000456552,0.0025,0.00005,0.00265,0.00055,0.000514615,0.003145891,0.000495322,0,0,0,0.000324438,0,0,0,0,0.000226775,0.00005,0.0002,0.0001,0,0,0,0.00015,0,0.00015,0,0,0,0.000603318,0,0.000138341,0.000121051,0.00025,0,9.22E-05,8.18E-05,0.000100452,0,0,0.000218067,0.0004,0.014955342,0,0.000332557,0.002190341,0,0.00055,0.000981595,0.015641078,0.00014637,0.0015,0.001936812,0.000857143,0.001435493,0.000163961,0.00024667,0.001079655,0,0.00076176,0.000967742,0,0.002281369,0.003411514,0,0.000435287,0.001620507,0.001273808,0.0116,0.0002,0.003889033,0.024162185,0,0.033846468,0,0.000149031,0.000356812,0.000242321,5.08E-05,0.0006,0.0001,0,0.000150614,0.000897091,0.0001984,0.001907877,7.08E-05,0,0.001170549,0.001931496,0.00015,0.001769048,0.000176211,0.000865002,0.001722865,0.0001972,0.00175,0.001319958,0,0.000628843,0.000666223,0.000161221,0.004318535,0.005783981,5.77E-05,0.000243546,0,0.000613811,0.000425592,0.0002,0.00005,0.000219467,0,0,0,0.000248283,0,0,0,0,0.000205297,0.000655308,0.0005,0.000166168,0.00035,0.000534117,0.001140576,0.000182183,0.00083373,0.000687285,0.001103956,0.00155,0.002575549,0.001267144,0.00131209,0.000156814,0.000975253,0,0.001872158,0.003404924,0.000122549,0.000175901,0.00026202,0.003612674,0.002105263,0.004891498,0.000884695,0.000889548,0.008783205,0.001178088,0,0.00049554,0.000141523,0.001923693,0.000576768,0.001015916,0,0.000848536,0.00292933,0.00130039,0,0,0,0.000687521,0.000464253,0.001282462